-0.3036617697175566,-0.5328916177918466,-0.5334437421330955,2.102237989410804,0.7141282901169616,2.056585116347661,-0.3038787609399225,-0.532899803102629,-0.5334687357942317,2.1113653913429435,0.7135788671696913,2.0322481195363844,-0.533468866727539,-0.533468866727539,-0.5334688555870675,-0.533468866727539,-0.533468866727539,-0.533468866727539,-0.533468866727539,-0.533468866727539,-0.5334688614587513,-0.533468866727539,-0.533468866727539,-0.533468866727539,-0.533468866727539,-0.533468866727539,-0.533468866727539,-0.533468866727539,-0.533468866727539,-0.5334688615898157,-0.5334380185781946,2.1066955480920178,-0.533468866727539,-0.533468866727539,-0.5334088630465725,2.111236018356922,-0.5334537872211002,0.09521559720952594,-0.5334688489027845,-0.5334677106349288,-0.533468852126968,-0.5334664122588366,-0.5328842838752229,-0.30399729262188124,-0.5334688338303817,2.1174114671693625,-0.5334688460193683,2.118980974921581,-0.5334688657314498,-0.5334668086237097,2.1071248252209527,-0.533468866727539,-0.533468866727539,-0.5334667162757533,2.1103674670330332,-0.5334683416050272,0.09499777383325099,-0.5334688662294944,-0.5334685851488428,-0.5334688624810534,-0.5334685996445623,-0.5328833207617936,-0.30414855398709223,-0.5334688652334052,2.1151958914370548,-0.533468866727539,2.112366000034677,-0.5334688597287016
0.011360680498670374,-0.5570237572015598,-0.5597490637804429,1.894874605165657,0.792927722774039,2.7860048343749706,0.010008769575339152,-0.5570656661717099,-0.5600255779440021,1.89273214539453,0.7866279794491324,2.7727507764359687,-0.5610541915735283,-0.5610541915735283,-0.5610541728158952,-0.561054191501105,-0.5610541915735283,-0.5610541915735283,-0.5610541915735283,-0.5610541915735283,-0.5610541727434719,-0.5610541915735283,-0.5610541915735283,-0.5610541915735283,-0.5610541915735283,-0.5610541915735283,-0.5610541915735283,-0.5610541915735283,-0.5610541915735283,-0.5610541731055884,-0.559840613486742,1.890108276763941,-0.5610541915735283,-0.5610541915735283,-0.5595928690421028,1.8926590526922311,-0.5608098193747181,0.38852259598830957,-0.5610526533751914,-0.5597513459832769,-0.5610532680316859,-0.5597635419935286,-0.5569860513172651,0.005832932911848621,-0.5610520022173568,1.8944273593878043,-0.561052094919173,1.8937669762741354,-0.5610541853451251,-0.5600208587697552,1.898640434443228,-0.5610541915735283,-0.5610541915735283,-0.5600327422010708,1.8872383208785215,-0.5610236130104225,0.38593795557965094,-0.5610541778131025,-0.5602055169489057,-0.5610541757852503,-0.5602247428710162,-0.5570622910289492,0.009457642576952727,-0.5610524441442957,1.909342322015841,-0.5610524406679775,1.8996804637220153,-0.561054174988594
-0.475902694612332,-0.5195834474438238,-0.5136660196165851,2.1627226935348207,0.8934829383257951,1.743868899256858,-0.47853043830155617,-0.5196707142278879,-0.5198318594045448,2.1508380188181175,0.872241100934379,1.7224733419942797,-0.5211766406650105,-0.5211766406650105,-0.5211764375779905,-0.5211766406650105,-0.5211766406650105,-0.5211766406650105,-0.5211766406650105,-0.5211766406650105,-0.5211746769635327,-0.5211766406650105,-0.5211766406650105,-0.5211766406650105,-0.5211766406650105,-0.5211766406650105,-0.5211766406650105,-0.5211766406650105,-0.5211766406650105,-0.5211746782282158,-0.5133506640825228,2.1613827543944577,-0.5211766406650105,-0.5211766406650105,-0.5137042280804087,2.1645238283321375,-0.5203871873180264,0.0462325101938833,-0.5211684980383151,-0.5186035557341386,-0.5211715069652046,-0.5185044546432924,-0.5195564572104858,-0.4761375315705712,-0.52115771106475,2.1580985163680926,-0.5211580502457183,2.1598031672658777,-0.5211765289162108,-0.5198166653618469,2.1496532151859418,-0.5211766406650105,-0.5211766406650105,-0.5198728026049464,2.1511259436929695,-0.5211131951698588,0.03730673456147614,-0.5211766116475605,-0.5200373294035618,-0.5211762886966913,-0.5199710356665282,-0.5196601922756822,-0.47919832757350883,-0.5211613355409845,2.1547326836611482,-0.5211611142214506,2.1561786406196157,-0.5211765760959147
-0.47045014093689397,-0.5218338720104903,-0.5213956569199085,2.140015966539226,0.8875314720571187,1.8610213819947405,-0.46675905778313953,-0.521825084673203,-0.5222649530051559,2.1311234916104813,0.8810905398738083,1.8340988273237016,-0.5230876444752871,-0.5230876444752871,-0.5230875578480957,-0.5230876444427327,-0.5230876444752871,-0.5230876444752871,-0.5230876444752871,-0.5230876444752871,-0.5230876312582109,-0.5230876444752871,-0.5230876444752871,-0.5230876444752871,-0.5230876444752871,-0.5230876444752871,-0.5230876444752871,-0.5230876444752871,-0.5230876444752871,-0.5230876324301684,-0.5211172947154239,2.1367780475426352,-0.5230876444752871,-0.5230876444752871,-0.5211866038909448,2.1316096898311816,-0.522792086626814,0.06537406725293565,-0.5230864750244804,-0.5219106285852309,-0.5230863469230154,-0.5218962840533894,-0.5217383291524531,-0.463402543622275,-0.523082218605081,2.137799033862591,-0.5230824163077993,2.1309936813013093,-0.5230876185294504,-0.5223092237320323,2.128893466638587,-0.5230876444752871,-0.5230876444752871,-0.5223048833549002,2.1412154839480513,-0.5230628037293608,0.0746165795159847,-0.5230876220778772,-0.5222423062938751,-0.5230875488630883,-0.5222656691037388,-0.521880117095091,-0.46866989183027735,-0.5230844038500453,2.135865974585663,-0.5230844766416274,2.142064553381688,-0.5230876327882665
-0.4296953555411764,-0.5194262300078355,-0.5192415947019932,2.1356778148507747,0.5825161006190166,2.0031645923985857,-0.42995110109644663,-0.5194324903180573,-0.5194089688155447,2.1356722948899844,0.58147358367035,2.0016430730554893,-0.519432681582164,-0.519432681582164,-0.5194326720927109,-0.519432681582164,-0.519432681582164,-0.519432681582164,-0.519432681582164,-0.519432681582164,-0.5194326539742473,-0.519432681582164,-0.519432681582164,-0.519432681582164,-0.519432681582164,-0.519432681582164,-0.519432681582164,-0.519432681582164,-0.519432681582164,-0.519432654859274,-0.519181376328844,2.134120091596922,-0.519432681582164,-0.519432681582164,-0.5192464249073796,2.136129966345942,-0.5193922187507659,0.06362326522909484,-0.5194283048300488,-0.5193713072657885,-0.5194271884671839,-0.5193612520839327,-0.519429435967943,-0.42973883786246986,-0.5194321568104902,2.1355550224583695,-0.51943197294619,2.1359737423397975,-0.5194326445585464,-0.5194085436585444,2.1353647288325606,-0.519432681582164,-0.519432681582164,-0.5194087225814453,2.1361430154256706,-0.5194309463643686,0.06310854416438931,-0.5194326570472567,-0.5194137590226403,-0.5194326652091698,-0.5194155712623441,-0.5194324543023867,-0.42994823277403105,-0.5194323490087918,2.135499917253315,-0.5194323765921244,2.1355029929178224,-0.5194326759769948
-0.34989803654655044,-0.5319739901072013,-0.5345429812988322,2.064024752652451,0.8147897318065698,2.028836872325968,-0.35003844254479927,-0.531581642224143,-0.5373144254602559,2.06116128548162,0.8051929383288223,2.108287877054003,-0.5447761752816932,-0.5447761752816932,-0.5447760924938365,-0.5447761752816932,-0.5447761752816932,-0.5447761752816932,-0.5447761752816932,-0.5447761752816932,-0.5447761292251642,-0.5447761752816932,-0.5447761752816932,-0.5447761752816932,-0.5447761752816932,-0.5447761752816932,-0.5447761752816932,-0.5447761752816932,-0.5447761752816932,-0.5447761295810879,-0.5350393387055193,2.0626212403653787,-0.5447761752816932,-0.5447761752816932,-0.5347842328012301,2.0718862869559165,-0.5442688561363522,0.4316890686146293,-0.5446713927629345,-0.5376557807217754,-0.5446710930751644,-0.5376982631360423,-0.5317554623409976,-0.34781785895841266,-0.5408429583070122,2.099949888882876,-0.5407040915364724,2.1081764643882335,-0.5447761712241628,-0.5366342462666961,2.0667203363004822,-0.5447761752816932,-0.5447761752816932,-0.5369320684271346,2.0368990469509174,-0.5446906391955928,0.4286182188593324,-0.5447760833821893,-0.5383160459121523,-0.5447761596210496,-0.5383239565303296,-0.5316998674834211,-0.34932450299004125,-0.5408453854220271,2.104017303407215,-0.5408065495886163,2.104141067266647,-0.5447761752816932
-0.3815886621088008,-0.5351548278501831,-0.5333282007154149,1.991845187671593,0.8736822510835279,2.37616803819626,-0.3825434282280952,-0.5353345658580452,-0.5350823336602442,2.0061936039542947,0.8653987610333269,2.3518774204032744,-0.5476841316759136,-0.5476841316759136,-0.5476841113828903,-0.5476841316759136,-0.5476841316759136,-0.5476841316759136,-0.5476841316759136,-0.5476841316759136,-0.5476830786788459,-0.5476841316759136,-0.5476841316759136,-0.5476841316759136,-0.5476841316759136,-0.5476841316759136,-0.5476841316759136,-0.5476841316759136,-0.5476841316759136,-0.5476830790082781,-0.532033732220802,1.9825564392319306,-0.5476841316759136,-0.5476841316759136,-0.5322446360955734,1.9929225746471435,-0.5475005329203869,0.5977205534598088,-0.54758878859603,-0.5385286064723805,-0.5476267174423542,-0.5382129598947958,-0.5346038737855816,-0.3731996307462597,-0.5448070754633063,1.998719087894841,-0.5449732759163253,1.988847395811408,-0.5476840929346874,-0.5349866314992682,1.9605233329049754,-0.5476841316759136,-0.5476841316759136,-0.5350442444463275,1.9974095559154583,-0.5476503345681774,0.6065500767141434,-0.5476632640570752,-0.5385170403056779,-0.5476630295013525,-0.5387582360637457,-0.5351184900295871,-0.37809955237184173,-0.5452858797263853,2.0246890511993225,-0.5454591639598906,2.007911361457371,-0.5476841132277106
-0.13384906653986603,-0.531848603553057,-0.5476251550470176,1.6107250067276102,1.1322642538363203,3.434444804014616,-0.13798097298884324,-0.532199674590415,-0.5491381035405729,1.600248444619909,1.1008174220189313,3.4113846059563704,-0.551993729461612,-0.551993729461612,-0.5519929904004662,-0.551993729461612,-0.551993729461612,-0.551993729461612,-0.551993729461612,-0.551993729461612,-0.5519937145578158,-0.551993729461612,-0.551993729461612,-0.551993729461612,-0.551993729461612,-0.551993729461612,-0.551993729461612,-0.551993729461612,-0.551993729461612,-0.5519937149060353,-0.547620154823395,1.6125752030571987,-0.551993729461612,-0.551993729461612,-0.5477243564555736,1.612255723749847,-0.5490269029046281,0.8671521868306213,-0.5519926477524416,-0.5492412880931272,-0.551992718162432,-0.5493248756858542,-0.5318773474740439,-0.133791380143112,-0.5519835531635005,1.626989319913217,-0.5519836632705181,1.6245914041288312,-0.5519936651106415,-0.5491727263823627,1.593962248057092,-0.551993729461612,-0.551993729461612,-0.5491950710032704,1.5946815333974882,-0.5515368216227726,0.8536795057295342,-0.5519937235418798,-0.5511612381586,-0.5519935562572141,-0.551157589583933,-0.5322448849079457,-0.13885184595461747,-0.5519866574013869,1.6255504939875038,-0.5519865546069794,1.6270076115372873,-0.5519936892074335
-0.32585135332642573,-0.5055401164308291,-0.4967405715022532,1.5529716258829163,1.006163236447834,3.9159195765136205,-0.3450996384158606,-0.5065688465746907,-0.5089391655329247,1.4987159308192728,0.8665982716446152,3.795713175306889,-0.5116302344878612,-0.5116302344878612,-0.511627037242149,-0.511630234168175,-0.5116302344878612,-0.5116302344878612,-0.5116302344878612,-0.5116302344878612,-0.5116302212528522,-0.5116302344878612,-0.5116302344878612,-0.5116302344878612,-0.5116302344878612,-0.5116302344878612,-0.5116302344878612,-0.5116302344878612,-0.5116302344878612,-0.5116302215725383,-0.4967256982292598,1.550392406756686,-0.5116302344878612,-0.5116302344878612,-0.49684353744302656,1.551754178000797,-0.4978403997950311,0.5340277833814185,-0.5116246018726098,-0.5031239442402838,-0.5116243503435006,-0.5031517579634517,-0.5055726755121442,-0.32609707974725305,-0.5115828665183552,1.5161753240689966,-0.5115834613265153,1.5164419186464804,-0.511629088029179,-0.5090318198671564,1.4975848052466463,-0.5116302344878612,-0.5116302344878612,-0.5090418099972465,1.4974557109044608,-0.5090845242306727,0.481795658734433,-0.5116300623048691,-0.5100351292669981,-0.5116300597473794,-0.510040265665316,-0.5065929817965276,-0.34507918898420037,-0.511589539328593,1.5034070375135968,-0.5115893346654821,1.5038590119856314,-0.5116298481790463
-0.4016789754323437,-0.525964983485014,-0.5223079974831714,1.9798270198062773,0.7299934200126905,2.596344500722874,-0.40202776787992905,-0.5260151191182312,-0.5228309715107651,1.9774562200118733,0.725724064095024,2.5940525145568305,-0.5287363161944505,-0.5287363161944505,-0.5287362751236581,-0.5287363161944505,-0.5287363161944505,-0.5287363161944505,-0.5287363161944505,-0.5287363161944505,-0.5287363074983388,-0.5287363161944505,-0.5287363161944505,-0.5287363161944505,-0.5287363161944505,-0.5287363161944505,-0.5287363161944505,-0.5287363161944505,-0.5287363161944505,-0.5287363076729595,-0.5221959603078047,1.9752847557719475,-0.5287363161944505,-0.5287363161944505,-0.5222669912305413,1.9791129246271637,-0.5273354482158227,0.22473223328578584,-0.5287360454974163,-0.5278767344036054,-0.5287361733197805,-0.5278807616113345,-0.5259840097042356,-0.40192017871329333,-0.5287309229288587,1.989219485326356,-0.5287309614152645,1.9943443338018603,-0.5287361368938991,-0.5227690456614118,1.9813280709028018,-0.5287363161944505,-0.5287363161944505,-0.5227688212039432,1.9745499708668217,-0.527693154247714,0.22306255389726903,-0.5287363085809873,-0.5281502994783269,-0.5287363079523527,-0.5281613983361235,-0.5260234991314767,-0.40203946233406446,-0.5287315282690334,1.989084964336815,-0.5287315938216502,1.9993156485143966,-0.5287362243788779
-0.3174738960799,-0.5365581837723219,-0.5334616538826946,2.0877806595234625,0.8734941554818263,2.0795549843040764,-0.3291364312913574,-0.5371963124474189,-0.5393332220742747,2.0568901745330135,0.79244068356571,2.009434292954144,-0.5464522515264585,-0.5464522515264585,-0.5464508240177561,-0.5464522515264585,-0.5464522515264585,-0.5464522515264585,-0.5464522515264585,-0.5464522515264585,-0.5464522308471012,-0.5464522515264585,-0.5464522515264585,-0.5464522515264585,-0.5464522515264585,-0.5464522515264585,-0.5464522515264585,-0.5464522515264585,-0.5464522515264585,-0.546452231058115,-0.5334625858464692,2.0861981062416444,-0.5464522515264585,-0.5464522515264585,-0.533373744161855,2.0889144474958927,-0.5393275801547361,0.43948398317251636,-0.5464463487093946,-0.5420247544300538,-0.5464468012496996,-0.542019920102726,-0.5365561229688497,-0.31744999310609645,-0.5456844342027314,2.0948919188548114,-0.5456847018949028,2.0937789879134474,-0.5464522050190057,-0.539305564193397,2.0560327939839094,-0.5464522515264585,-0.5464522515264585,-0.5393044563706789,2.056703209213113,-0.5454091341800952,0.40755174677056466,-0.5464512941144135,-0.5454515108257202,-0.5464512950006717,-0.5454508667270411,-0.5371863068880488,-0.32918487450079476,-0.5456931061545628,2.0890769148251325,-0.5456917069639192,2.0898422272034334,-0.546452213797182
-0.31280103560791594,-0.5362938024650277,-0.521424854881061,2.0961480009232156,0.8362836201548948,2.1711299530648076,-0.3311862303826804,-0.5372570884291414,-0.531865406879945,2.041520029410781,0.7239937520854207,2.0541582062494244,-0.546875306385204,-0.546875306385204,-0.5468734873805178,-0.5468753062042805,-0.546875306385204,-0.546875306385204,-0.546875306385204,-0.546875306385204,-0.5468752963891816,-0.546875306385204,-0.546875306385204,-0.546875306385204,-0.546875306385204,-0.546875306385204,-0.546875306385204,-0.546875306385204,-0.546875306385204,-0.546875296615336,-0.521413269264979,2.0900955431706056,-0.546875306385204,-0.546875306385204,-0.5215430999555363,2.089995229467645,-0.5392380480366256,0.4475658828475438,-0.5468714812104896,-0.5404197216245614,-0.5468716216975732,-0.5403753916173522,-0.5365669275384275,-0.3129724114409886,-0.5461001837369636,2.0837058101699526,-0.5461003888137301,2.0838546930982256,-0.5468752098172956,-0.5319170229471526,2.0391911240501432,-0.546875306385204,-0.546875306385204,-0.5319096217745889,2.039457411979934,-0.5459533830118124,0.4001361737812279,-0.5468752356893535,-0.5449009376392393,-0.5468752405290567,-0.544897028606491,-0.5374767979703835,-0.3310863300898757,-0.5461092735136138,2.0748058090446233,-0.5461099779391904,2.076375952757944,-0.5468752676223481
-0.22347523893293356,-0.5428858322080429,-0.5487229907735018,1.9322651911540605,0.895949955744306,2.6521358575857166,-0.22971722381823395,-0.5433494595301311,-0.5513786045622324,1.9178115657448347,0.8478531416080537,2.6150750302346233,-0.5527345221220501,-0.5527345221220501,-0.552733407253349,-0.5527345220777266,-0.5527345221220501,-0.5527345221220501,-0.5527345221220501,-0.5527345221220501,-0.5527345125481766,-0.5527345221220501,-0.5527345221220501,-0.5527345221220501,-0.5527345221220501,-0.5527345221220501,-0.5527345221220501,-0.5527345221220501,-0.5527345221220501,-0.5527345128141176,-0.548743358214196,1.9298870225008082,-0.5527345221220501,-0.5527345221220501,-0.5486389251613095,1.9312082553797132,-0.5479127690202291,0.5372908033517495,-0.5527329765176897,-0.5492237023615121,-0.5527325717112712,-0.5492618015023455,-0.5429624799742045,-0.2234060536465551,-0.5526407937677922,1.9401365825973858,-0.552641699473952,1.9412646762306345,-0.5527344619307529,-0.5513915552649833,1.9166407579648277,-0.5527345221220501,-0.5527345221220501,-0.551395206633949,1.9162949940228435,-0.5519819299012286,0.518865888686821,-0.5527344951733691,-0.5518676210875918,-0.5527345003592173,-0.5518669098285751,-0.5434040353958564,-0.22950114747764977,-0.552651874019337,1.9388718533456824,-0.5526513473676491,1.936682848564421,-0.5527345062099178
-0.06437254607232915,-0.5061940860417296,-0.49342747645261237,1.3121391006297758,1.1380804475308612,4.234199133078336,-0.08064202334405102,-0.5073776645009018,-0.5031594130198206,1.2579427030252417,1.0244676535697355,4.131641865979366,-0.5196988490740837,-0.5196988490740837,-0.5196972751125599,-0.5196988490740837,-0.5196988490740837,-0.5196988490740837,-0.5196988490740837,-0.5196988490740837,-0.5196981061340256,-0.5196988490740837,-0.5196988490740837,-0.5196988490740837,-0.5196988490740837,-0.5196988490740837,-0.5196988490740837,-0.5196988490740837,-0.5196988490740837,-0.5196981065632722,-0.4933893805571136,1.3094431518713994,-0.5196988490740837,-0.5196988490740837,-0.49348756093571294,1.3119833470325295,-0.5115937577299536,0.8448154785172078,-0.5195163507507835,-0.5120394048380926,-0.5195150025729843,-0.5120661490490507,-0.506280124235204,-0.06470470500873528,-0.5196828974968624,1.2937492315676742,-0.5196830473039344,1.296492818974964,-0.5196987110283692,-0.5033354376172243,1.2572724473838686,-0.5196988490740837,-0.5196988490740837,-0.503162460499158,1.2585972311561315,-0.5186548665965564,0.7970852671781032,-0.5196967560675412,-0.5179283722642929,-0.5196967528911162,-0.5179415339101517,-0.50740211825187,-0.08006959721508616,-0.5196939172879128,1.2809299968574528,-0.5196935659066257,1.2783361492163465,-0.519698723905768
-0.13861519381625678,-0.5167220349290231,-0.5164678980471592,1.6463040160210352,0.4227792606099042,3.689522854138231,-0.13775820321928925,-0.5167764211558049,-0.5167659715716783,1.6565552980352547,0.4224148839094286,3.6877493105500543,-0.516776694865266,-0.516776694865266,-0.5167766850619187,-0.516776694865266,-0.516776694865266,-0.516776694865266,-0.516776694865266,-0.516776694865266,-0.5167766156542186,-0.516776694865266,-0.516776694865266,-0.516776694865266,-0.516776694865266,-0.516776694865266,-0.516776694865266,-0.516776694865266,-0.516776694865266,-0.516776617614888,-0.5164307076760936,1.6250185276463731,-0.516776694865266,-0.516776694865266,-0.5162093625993561,1.6547341799782465,-0.5167468828856342,0.2957411053553566,-0.5167765772250965,-0.5167755666960402,-0.5167765807543016,-0.5167746298881567,-0.516770495620465,-0.13818261287468475,-0.51675920530126,1.656386594189451,-0.5167589774714649,1.6590908483711075,-0.516776694865266,-0.5167642618678808,1.65809549215166,-0.516776694865266,-0.516776694865266,-0.5167647681127439,1.6578400318178887,-0.5167741675622903,0.2966430603779272,-0.516776694865266,-0.516776694865266,-0.516776694865266,-0.516776694865266,-0.5167765301690287,-0.13748556781289853,-0.5167596001800957,1.6645603261050905,-0.5167595405757431,1.6624632587181156,-0.516776694865266
0.10751186934056133,-0.5565218725804898,-0.5453703668354357,1.6388636118702884,1.1859784301681742,3.589459990355535,0.06632351449851076,-0.5585608423560416,-0.5611460157439421,1.5497880615007178,0.9063910577000694,3.3625675801603863,-0.5635437137777154,-0.5635437137777154,-0.5635354462462777,-0.5635437129546169,-0.5635437137777154,-0.5635437137777154,-0.5635437137777154,-0.5635437137777154,-0.5635386406918902,-0.5635437137777154,-0.5635437137777154,-0.5635437137777154,-0.5635437137777154,-0.5635437137777154,-0.5635437137777154,-0.5635437137777154,-0.5635437137777154,-0.5635386415149888,-0.5449975798887448,1.639282059717181,-0.5635437137777154,-0.5635437137777154,-0.5452845548569671,1.6432403073996766,-0.5252333091491009,0.8889730080793882,-0.5622539770626195,-0.5541890547989023,-0.5622533678050461,-0.5541948800322155,-0.5564736897062204,0.10788530999214926,-0.5635016733589543,1.5721456686261794,-0.5635026714482997,1.553701959643679,-0.5635427677082007,-0.5611385889254001,1.5476904982999802,-0.5635437137777154,-0.5635437137777154,-0.5611079643901683,1.5504578594566907,-0.5561283435494305,0.7802541381796184,-0.5635416514218983,-0.5621381889859851,-0.5635411526241552,-0.5621434204359783,-0.5585509422908684,0.06678068864001778,-0.5635148926514856,1.5682198653498893,-0.5635147407074866,1.5683178544134597,-0.5635435346714631
-0.3352101226888569,-0.529966606427625,-0.5300294498778119,2.060528674637366,0.6874757897013968,2.2995211246455587,-0.3354016582775013,-0.5299782960938725,-0.5301924048286824,2.062064477076082,0.68676721310122,2.298457998951655,-0.5303270014203898,-0.5303270014203898,-0.5303269980094648,-0.5303270014203898,-0.5303270014203898,-0.5303270014203898,-0.5303270014203898,-0.5303270014203898,-0.5303269810259009,-0.5303270014203898,-0.5303270014203898,-0.5303270014203898,-0.5303270014203898,-0.5303270014203898,-0.5303270014203898,-0.5303270014203898,-0.5303270014203898,-0.5303269813812056,-0.5299318788766845,2.056673665211495,-0.5303270014203898,-0.5303270014203898,-0.5300599313245878,2.0622118201522914,-0.5302330576537273,0.10130108419507734,-0.5303241530137938,-0.5303039867726231,-0.5303252644068474,-0.5303016037441031,-0.5299731593829853,-0.33518489122410167,-0.5303268890019875,2.0635712214185893,-0.5303268910627548,2.0634710007683066,-0.5303270007097804,-0.5302006987769976,2.0623291747314436,-0.5303270014203898,-0.5303270014203898,-0.5302052403525379,2.0622310380141973,-0.5302990785937092,0.1004409331241409,-0.5303262984856016,-0.5303067165074545,-0.5303269025746266,-0.5303161462227247,-0.5299727195868467,-0.33538961572264103,-0.5303269153655952,2.0634843889330687,-0.5303269039247843,2.06338586294401,-0.5303269987200742
0.2131276291903455,-0.5304986894468348,-0.5304045474669611,1.1841839660290656,1.6154392055415256,4.197770110055954,0.21758231108805953,-0.5305192030937492,-0.5305192740523034,1.1040668916820424,1.61463017467779,4.097885997477031,-0.5305195483174203,-0.5305195483174203,-0.5305195430176114,-0.5305195483174203,-0.5305195483174203,-0.5305195483174203,-0.5305195483174203,-0.5305195483174203,-0.5305195182851692,-0.5305195483174203,-0.5305195483174203,-0.5305195483174203,-0.5305195483174203,-0.5305195483174203,-0.5305195483174203,-0.5305195483174203,-0.5305195483174203,-0.5305195190212538,-0.5301498386452372,1.2409174176183728,-0.5305195483174203,-0.5305195483174203,-0.5304951216448428,1.2186915421169446,-0.5304804185024392,0.7130630295192165,-0.5305194987053192,-0.5305175196682993,-0.5305195125437094,-0.5305175067132105,-0.5305184986607997,0.22457317198778515,-0.5305190549935304,1.1816243929339345,-0.5305191949968188,1.1293158920497977,-0.5305195440481297,-0.530517680429173,1.0841742219188653,-0.5305195483174203,-0.5305195483174203,-0.5305178456065542,1.0816109457293952,-0.5305178865328574,0.685671393946118,-0.5305195455202989,-0.5305194579262331,-0.5305195455202989,-0.5305194508598211,-0.5305191798334763,0.19786030165301977,-0.5305195285903535,1.1809972874368522,-0.5305195299153057,1.281170737936882,-0.5305195483174203
-0.408889229874517,-0.5082893103301308,-0.5082433610587133,1.4199126426194904,1.4705004170246114,3.7970253221106725,-0.40926568092250837,-0.5082961781857889,-0.5082938785374991,1.4194702929835754,1.4697148701447507,3.796239685352803,-0.5082962355445889,-0.5082962355445889,-0.508296233690888,-0.5082962355445889,-0.5082962355445889,-0.5082962355445889,-0.5082962355445889,-0.5082962355445889,-0.5082962248460869,-0.5082962355445889,-0.5082962355445889,-0.5082962355445889,-0.5082962355445889,-0.5082962355445889,-0.5082962355445889,-0.5082962355445889,-0.5082962355445889,-0.5082962251109013,-0.508143284888175,1.4190515982121303,-0.5082962355445889,-0.5082962355445889,-0.5082681463099508,1.4203032378814984,-0.508257786770442,0.44337836498043204,-0.5082962085335196,-0.5082915233311474,-0.5082962155246199,-0.5082918038225647,-0.5082956550714139,-0.4090073197801151,-0.5082962009598276,1.524039194177171,-0.5082961831642997,1.5244298844545874,-0.5082962279708969,-0.5082897697831228,1.4197422790389378,-0.5082962355445889,-0.5082962355445889,-0.5082895897093277,1.419570816054903,-0.5082928894556978,0.4426273987307099,-0.5082962355445889,-0.5082930763617046,-0.50829623501496,-0.5082930405058342,-0.5082961986824237,-0.40925342494112243,-0.5082962305131152,1.524430105733504,-0.5082962335319994,1.523884402107313,-0.5082962335319994
-0.4077676792228553,-0.5104187614484637,-0.5103759034045021,1.44775024869396,1.455739769602068,3.741322592466084,-0.4081250904051748,-0.5104268027881169,-0.5104266304380292,1.4475570303931946,1.454958985154139,3.7399502806109375,-0.5104268190566766,-0.5104268190566766,-0.5104268173385449,-0.5104268190566766,-0.5104268190566766,-0.5104268190566766,-0.5104268190566766,-0.5104268190566766,-0.5104268082109701,-0.5104268190566766,-0.5104268190566766,-0.5104268190566766,-0.5104268190566766,-0.5104268190566766,-0.5104268190566766,-0.5104268190566766,-0.5104268190566766,-0.5104268084794282,-0.5102718533478091,1.4477771449721344,-0.5104268190566766,-0.5104268190566766,-0.5103971476199403,1.4491919648019052,-0.5103837669175229,0.41450057790109185,-0.5104267850698836,-0.510415359816125,-0.5104244681692652,-0.5104109109825057,-0.5104259429705765,-0.4079084502107135,-0.5104267221970011,1.5558970159112335,-0.5104266605590259,1.555817004450139,-0.5104267771772161,-0.5104200662621183,1.4485261239026617,-0.5104268190566766,-0.5104268190566766,-0.5104203302637947,1.4483915578401108,-0.5104219049315121,0.4132944724704871,-0.5104262678585456,-0.510416550320329,-0.5104262627578421,-0.5104230083479148,-0.5104267918887189,-0.4081235695364569,-0.5104268149761138,1.5558429236482834,-0.5104268108418594,1.5555432115169177,-0.5104268174996197
-0.2614439275135246,-0.47597084222985975,-0.4449728109205231,1.3137918455056943,1.6844417438639896,4.684571811182715,-0.3591318155358546,-0.4809699919635964,-0.4774503804987597,1.0977813575306625,0.861156229038399,4.139363999895297,-0.4810124645815482,-0.4810124645815482,-0.4809848347525295,-0.481012464453251,-0.4810124645815482,-0.4810124645815482,-0.4810124645815482,-0.4810124645815482,-0.48101245590010416,-0.4810124645815482,-0.4810124645815482,-0.4810124645815482,-0.4810124645815482,-0.4810124645815482,-0.4810124645815482,-0.4810124645815482,-0.4810124645815482,-0.48101245611393284,-0.44339427968455264,1.31154025525452,-0.4810124645815482,-0.4810124645815482,-0.44336637517122257,1.3126730442455279,-0.39584445756309045,0.6188131104371464,-0.48097856397014416,-0.42662185967941757,-0.48097858526747983,-0.4266086915538737,-0.47600312599714734,-0.26181524403790524,-0.4809349632348874,1.109252415486881,-0.48092375549060357,1.1096427763625263,-0.4810115756529952,-0.47755890500715836,1.0980104604117966,-0.4810124645815482,-0.4810124645815482,-0.47755914201485783,1.0967859125342687,-0.47494284228865696,0.35613248760341226,-0.48101228706098514,-0.47467764525607536,-0.48101227354701315,-0.4746814489687808,-0.48095670546249997,-0.35902653857178685,-0.4810122770965691,1.0957396591512913,-0.48101213348923333,1.095434994306781,-0.4810120843941703
-0.25317364128390996,-0.47629073317266524,-0.44435421974493744,1.3225879170082617,1.6674624546480024,4.688848169652442,-0.3530357935951794,-0.4815302212075026,-0.4777807534871978,1.0987979292353518,0.8468810074659913,4.130188246802672,-0.4816300317327144,-0.4816300317327144,-0.4816023307486463,-0.4816300303623707,-0.4816300317327144,-0.4816300317327144,-0.4816300317327144,-0.4816300317327144,-0.4816300230395965,-0.4816300317327144,-0.4816300317327144,-0.4816300317327144,-0.4816300317327144,-0.4816300317327144,-0.4816300317327144,-0.4816300317327144,-0.4816300317327144,-0.48163002325371274,-0.44456461773494,1.3256637442339025,-0.4816300317327144,-0.4816300317327144,-0.44462927945806036,1.3250628739145167,-0.3946966211121513,0.621575421784871,-0.4815976052040345,-0.43048874672810505,-0.4815972193238125,-0.4304872399495576,-0.476406208653443,-0.25161631765183096,-0.48147366044247286,1.1095078492435706,-0.4814722922399323,1.110019182033427,-0.4816119285931157,-0.4778115806534839,1.09820074321348,-0.4816300317327144,-0.4816300317327144,-0.4777947457241586,1.099170124006077,-0.47511907192075037,0.34834823495116046,-0.4816298306775993,-0.47490983229940886,-0.4816298036561344,-0.47491379944442774,-0.4815493834086672,-0.3531229376053161,-0.4816090676152274,1.0971859007118487,-0.48160879461706796,1.0964642062032746,-0.4816250793105734
-0.399844157341755,-0.5223855661670678,-0.520548066735805,2.0225889403908597,0.8006927857107785,2.782509747100729,-0.4348922848529083,-0.5242477045491135,-0.5239112701536807,1.945123453017011,0.5898415341659428,2.588560659999285,-0.524260170647288,-0.524260170647288,-0.524252904534298,-0.5242601699746036,-0.524260170647288,-0.524260170647288,-0.524260170647288,-0.524260170647288,-0.5242601661178795,-0.524260170647288,-0.524260170647288,-0.524260170647288,-0.524260170647288,-0.524260170647288,-0.524260170647288,-0.524260170647288,-0.524260170647288,-0.5242601662299935,-0.5190960254165174,2.0157836961506876,-0.524260170647288,-0.524260170647288,-0.5191842229108692,2.017722575583395,-0.4966765803863387,0.22358195799630404,-0.5242599434144873,-0.5219961290594178,-0.524260054093499,-0.5219910132270555,-0.522383801670961,-0.40049860446768637,-0.5242349711485691,1.946683224478767,-0.5242349345993818,1.94691910488439,-0.524260156386378,-0.52371594898672,1.9414316637268723,-0.524260170647288,-0.524260170647288,-0.5237131339369154,1.9415552240623521,-0.5209642576692417,0.13359355247581498,-0.5242601689655769,-0.5239691094445303,-0.5242601560948814,-0.5239701821743916,-0.5242472362710586,-0.43488934022165954,-0.5242601462736888,1.9414647634333482,-0.5242601494128828,1.9413390675714524,-0.5242601562069955
-0.24672731015509677,-0.5382773858900599,-0.538355152912786,2.1245769521924704,0.5694546547295996,2.0012153274285502,-0.24674748445574357,-0.5382857092967774,-0.5383989278806538,2.125601355403244,0.5689879044848691,1.9997679867960898,-0.538399743990919,-0.538399743990919,-0.5383997427133069,-0.538399743990919,-0.538399743990919,-0.538399743990919,-0.538399743990919,-0.538399743990919,-0.5383997344798063,-0.538399743990919,-0.538399743990919,-0.538399743990919,-0.538399743990919,-0.538399743990919,-0.538399743990919,-0.538399743990919,-0.538399743990919,-0.5383997347164011,-0.5382801222987414,2.1205269962235374,-0.538399743990919,-0.538399743990919,-0.5383857036482756,2.1138359325926883,-0.5383714379253809,0.22704191345905858,-0.5383996318449616,-0.538398386457006,-0.5383997216563655,-0.538398952439199,-0.5382898684922308,-0.24630630003503334,-0.5383997328236423,2.125026964014241,-0.5383997323977716,2.1255536972987903,-0.538399743990919,-0.5383972620636551,2.12485942845858,-0.538399743990919,-0.538399743990919,-0.538397166432018,2.124034879470292,-0.5383980358234427,0.22898128175115126,-0.538399743990919,-0.5383996881545352,-0.538399743990919,-0.5383996790692931,-0.538291643474092,-0.24692143253618076,-0.538399743990919,2.125142909353729,-0.538399743990919,2.124611096188539,-0.538399743990919
-0.14899887270466639,-0.5469176825599791,-0.5469852921947859,2.017122602644971,0.5021267507891438,2.451423458440312,-0.14905380857763426,-0.546919721841184,-0.5470169431835815,2.0182017890268376,0.5016828613717983,2.4506521699407897,-0.5470176796416442,-0.5470176796416442,-0.5470176780363754,-0.5470176796416442,-0.5470176796416442,-0.5470176796416442,-0.5470176796416442,-0.5470176796416442,-0.5470176730567656,-0.5470176796416442,-0.5470176796416442,-0.5470176796416442,-0.5470176796416442,-0.5470176796416442,-0.5470176796416442,-0.5470176796416442,-0.5470176796416442,-0.5470176732205686,-0.5469300862762748,2.016178094163968,-0.5470176796416442,-0.5470176796416442,-0.5470018902821772,2.0189144122861107,-0.5469981650427301,0.3813434341010198,-0.5470175830306644,-0.547016159812354,-0.5470176676185077,-0.5470142461680115,-0.5469137600034987,-0.14896527586786842,-0.547017645374067,2.019106398352545,-0.5470176627699403,2.0190765305881833,-0.5470176743344286,-0.5470145500880048,2.018623661886252,-0.5470176796416442,-0.5470176796416442,-0.5470146878790463,2.0186636206658206,-0.5470164412585824,0.38119615506854454,-0.5470176793140383,-0.5470176112375323,-0.5470176793140383,-0.5470176118599835,-0.5469110757317982,-0.1490670028069662,-0.5470176793140383,2.018995054542259,-0.5470176780691359,2.0190494574659494,-0.5470176793140383
-0.020967290577496585,-0.5442713974489573,-0.5433238578442791,1.6981840476633565,0.8627994764919779,3.4771563779906307,-0.027141476970353663,-0.5445630720308378,-0.5445041564909521,1.668232878072239,0.8222434388661432,3.4212042462080143,-0.5445759259315556,-0.5445759259315556,-0.5445753641269563,-0.5445759257690435,-0.5445759259315556,-0.5445759259315556,-0.5445759259315556,-0.5445759259315556,-0.54457589342912,-0.5445759259315556,-0.5445759259315556,-0.5445759259315556,-0.5445759259315556,-0.5445759259315556,-0.5445759259315556,-0.5445759259315556,-0.5445759259315556,-0.5445758942416808,-0.5430321442594759,1.6953682883745627,-0.5445759259315556,-0.5445759259315556,-0.5432975396471027,1.7028836050536473,-0.5420772665799127,0.43313642686700377,-0.5445758843284381,-0.5427272538622572,-0.5445759074051673,-0.5427255983507,-0.5442932727256996,-0.020729879461894696,-0.5445731609493594,1.6814641395429604,-0.5445731178836322,1.6813139722775499,-0.5445758848159745,-0.5445050971114384,1.6698472196067815,-0.5445759259315556,-0.5445759259315556,-0.5445047176455027,1.6699050464775869,-0.5443043524809703,0.4146824104497421,-0.544575924468946,-0.5444772470744723,-0.5445759259315556,-0.5444767996784463,-0.5445648178991658,-0.026515218578653663,-0.5445758713274638,1.6565359171506215,-0.5445758645019523,1.6684681742543566,-0.544575922681312
-0.2572734660735824,-0.46684998714916065,-0.472533639402864,1.1219711836213833,0.9767777682238973,4.558491505550782,-0.2580926700893193,-0.4668903338323831,-0.4728754455310998,1.1193140925106835,0.9712949674079441,4.553557574231101,-0.472901214183513,-0.472901214183513,-0.47290116720357345,-0.472901214183513,-0.472901214183513,-0.472901214183513,-0.472901214183513,-0.472901214183513,-0.4729012014895956,-0.472901214183513,-0.472901214183513,-0.472901214183513,-0.472901214183513,-0.472901214183513,-0.472901214183513,-0.472901214183513,-0.472901214183513,-0.472901201800721,-0.4725141935658401,1.1201513469036766,-0.472901214183513,-0.472901214183513,-0.4724491966016664,1.122052167952328,-0.4722372134694682,0.7052450836439388,-0.47289286438596306,-0.4725645788976584,-0.47289352310071836,-0.47256002321247265,-0.4668625779596389,-0.25729885359734683,-0.472899841809252,1.128121154586112,-0.47289981113228485,1.1281548607326586,-0.472901214183513,-0.4728716272131774,1.1189269910626245,-0.472901214183513,-0.472901214183513,-0.472872190163526,1.1187733181869106,-0.47264501191434555,0.7029564612394664,-0.4729012130012364,-0.47284675852217595,-0.4729012123789855,-0.4728451220024269,-0.4669008939271956,-0.25805470973812633,-0.4729001993545934,1.1286549147115705,-0.47290020053687,1.128413036345963,-0.472901214183513
